Inicio_exclusivo,Fecha,Dias_intervalo,Observado_PLM2,EE_repeticiones_PLM2,Sigma_ajuste_PLM2,Base_PLM2_ajuste,Calibrado_PLM2_ajuste,Fraccion_base_intervalo,Fraccion_calibrada_intervalo
2026-02-05,2026-02-12,7,0.0,,910.5333333333334,0.0,0.0,0.0,0.0
2026-02-12,2026-02-19,7,12.0,,910.5333333333334,491.7567154622163,53.983443891890474,0.04067578776328679,0.004465254947080742
2026-02-19,2026-02-26,7,7.0,,910.5333333333334,0.0,0.0,0.0,0.0
2026-02-26,2026-03-05,7,15.0,,910.5333333333334,1588.1781558921882,598.4292020586324,0.13136657938395224,0.04949923091830206
2026-03-05,2026-03-12,7,68.66666666666667,,910.5333333333334,26.955499358610375,15.55089412659591,0.0022296313125763356,0.0012862963516994605
2026-03-12,2026-03-27,15,9105.333333333334,,910.5333333333334,6957.285354560029,9040.91740629564,0.5754737120869086,0.7478218924946076
2026-03-27,2026-04-10,14,1709.3333333333333,,910.5333333333334,1628.238636173606,1753.8682867208665,0.13468019268578724,0.14507168270872095
2026-04-10,2026-04-23,13,333.3333333333333,,910.5333333333334,432.4724244095439,293.2791219573117,0.03577207183072684,0.024258660726017678
2026-04-23,2026-05-11,18,321.0,,910.5333333333334,566.8194337034911,257.28897931670036,0.04688462050540332,0.021281726486809704
2026-05-11,2026-05-28,17,217.0,,910.5333333333334,393.1952237449218,76.28799008727631,0.03252324771112425,0.006310181429370232
2026-05-28,2026-06-12,15,101.0,,910.5333333333334,0.008777384743124877,0.00018075477662996922,7.260237180339857e-07,1.495117951666458e-08
2026-06-12,2026-06-26,14,80.0,,910.5333333333334,0.00792095479422846,0.00016294612517501564,6.55183886588695e-07,1.3478132165900547e-08
2026-06-26,2026-07-08,12,40.0,,910.5333333333334,2.7672962561747756,0.04594065223085201,0.00022889764726141681,3.7999932915866452e-06
2026-07-08,2026-08-03,26,72.0,,910.5333333333334,1.94487768291913,0.015032775339701524,0.00016087107581563842,1.2434400181726701e-06
2026-08-03,2026-09-01,29,0.0,,910.5333333333334,0.036351083425948914,2.5083279323675118e-05,3.006789552451039e-06,2.0747701334755675e-09
2026-09-01,2026-09-16,15,8.0,,910.5333333333334,0.0,0.0,0.0,0.0
