FECHA,REP1,REP2,REP3,REP4,REP5,PLM2,N_REPLICAS,SD_PLM2,EE_PLM2
2023-02-27,397,604,566,708,575,570.0,5,111.99330337122841,50.08492787256461
2023-03-13,327,413,931,694,734,619.8,5,246.92650728506246,110.42889114719934
2023-03-27,415,811,723,534,773,651.2,5,169.59716978770606,75.84616008737686
2023-04-10,242,303,218,169,211,228.6,5,49.21686702747342,22.010452062599715
2023-04-24,151,373,338,221,258,268.2,5,89.33476367014131,39.951720864062914
2023-05-01,103,91,83,70,95,88.4,5,12.561846997953765,5.617828762075256
2023-05-08,77,106,53,59,98,78.6,5,23.28733561401991,10.414413089560064
2023-05-15,25,47,30,31,37,34.0,5,8.426149773176359,3.7682887362833544
2023-05-22,52,75,51,24,36,47.6,5,19.191143790821847,8.582540416450131
2023-05-29,26,34,12,25,24,24.2,5,7.886697661252142,3.5270384177096794
2023-06-05,31,19,8,12,19,17.8,5,8.757853618324527,3.9166312055132275
2023-06-12,8,5,5,6,6,6.0,5,1.224744871391589,0.5477225575051661
2023-06-19,5,9,13,6,10,8.6,5,3.2093613071762426,1.4352700094407322
2023-06-26,1,0,4,2,2,1.8,5,1.4832396974191324,0.6633249580710798
2023-07-03,0,1,3,2,4,2.0,5,1.5811388300841898,0.7071067811865476
2023-07-10,2,0,0,1,1,0.8,5,0.8366600265340756,0.3741657386773941
2023-07-17,2,5,1,4,3,3.0,5,1.5811388300841898,0.7071067811865476
2023-07-24,0,0,0,0,1,0.2,5,0.447213595499958,0.2
2023-07-31,3,1,1,9,6,4.0,5,3.4641016151377544,1.5491933384829666
2023-08-07,2,3,0,1,0,1.2,5,1.3038404810405297,0.58309518948453
2023-08-14,0,0,0,1,3,0.8,5,1.3038404810405297,0.58309518948453
2023-08-21,2,0,0,1,0,0.6,5,0.8944271909999159,0.39999999999999997
2023-08-28,0,0,0,0,0,0.0,5,0.0,0.0
2023-09-04,2,0,0,1,0,0.6,5,0.8944271909999159,0.39999999999999997
2023-09-11,0,0,0,0,0,0.0,5,0.0,0.0
2023-09-18,0,0,0,1,0,0.2,5,0.447213595499958,0.2
2023-09-25,0,0,0,0,2,0.4,5,0.894427190999916,0.4
2023-10-02,0,0,0,0,1,0.2,5,0.447213595499958,0.2
2023-10-09,0,0,0,0,0,0.0,5,0.0,0.0
