Fecha,TMAX,TMIN,Prec,Fuente,TipoDato,CalidadDato
2024-01-01,30.0,16.2,0.0,Adjunto del usuario; Tres Arroyos 2024,Historico_adjunto,Sin_faltantes_en_variables_requeridas
2024-01-02,32.0,10.6,0.0,Adjunto del usuario; Tres Arroyos 2024,Historico_adjunto,Sin_faltantes_en_variables_requeridas
2024-01-03,32.0,12.2,0.5,Adjunto del usuario; Tres Arroyos 2024,Historico_adjunto,Sin_faltantes_en_variables_requeridas
2024-01-04,30.0,16.4,30.0,Adjunto del usuario; Tres Arroyos 2024,Historico_adjunto,Sin_faltantes_en_variables_requeridas
2024-01-05,33.0,16.4,3.0,Adjunto del usuario; Tres Arroyos 2024,Historico_adjunto,Sin_faltantes_en_variables_requeridas
2024-01-06,31.6,18.8,0.0,Adjunto del usuario; Tres Arroyos 2024,Historico_adjunto,Sin_faltantes_en_variables_requeridas
2024-01-07,31.4,13.8,23.5,Adjunto del usuario; Tres Arroyos 2024,Historico_adjunto,Sin_faltantes_en_variables_requeridas
2024-01-08,29.0,15.6,0.0,Adjunto del usuario; Tres Arroyos 2024,Historico_adjunto,Sin_faltantes_en_variables_requeridas
2024-01-09,33.0,11.6,3.0,Adjunto del usuario; Tres Arroyos 2024,Historico_adjunto,Sin_faltantes_en_variables_requeridas
2024-01-10,31.0,10.8,0.0,Adjunto del usuario; Tres Arroyos 2024,Historico_adjunto,Sin_faltantes_en_variables_requeridas
2024-01-11,33.0,7.2,0.0,Adjunto del usuario; Tres Arroyos 2024,Historico_adjunto,Sin_faltantes_en_variables_requeridas
2024-01-12,29.0,9.2,0.0,Adjunto del usuario; Tres Arroyos 2024,Historico_adjunto,Sin_faltantes_en_variables_requeridas
2024-01-13,31.4,16.0,0.0,Adjunto del usuario; Tres Arroyos 2024,Historico_adjunto,Sin_faltantes_en_variables_requeridas
2024-01-14,27.0,18.7,0.0,Adjunto del usuario; Tres Arroyos 2024,Historico_adjunto,Sin_faltantes_en_variables_requeridas
2024-01-15,33.0,13.2,0.3,Adjunto del usuario; Tres Arroyos 2024,Historico_adjunto,Sin_faltantes_en_variables_requeridas
2024-01-16,32.0,15.8,0.0,Adjunto del usuario; Tres Arroyos 2024,Historico_adjunto,Sin_faltantes_en_variables_requeridas
2024-01-17,35.0,14.2,0.0,Adjunto del usuario; Tres Arroyos 2024,Historico_adjunto,Sin_faltantes_en_variables_requeridas
2024-01-18,32.0,17.8,0.0,Adjunto del usuario; Tres Arroyos 2024,Historico_adjunto,Sin_faltantes_en_variables_requeridas
2024-01-19,30.0,7.2,0.0,Adjunto del usuario; Tres Arroyos 2024,Historico_adjunto,Sin_faltantes_en_variables_requeridas
2024-01-20,31.6,9.8,0.0,Adjunto del usuario; Tres Arroyos 2024,Historico_adjunto,Sin_faltantes_en_variables_requeridas
2024-01-21,32.8,14.4,0.0,Adjunto del usuario; Tres Arroyos 2024,Historico_adjunto,Sin_faltantes_en_variables_requeridas
2024-01-22,35.0,15.6,0.0,Adjunto del usuario; Tres Arroyos 2024,Historico_adjunto,Sin_faltantes_en_variables_requeridas
2024-01-23,35.0,16.6,0.0,Adjunto del usuario; Tres Arroyos 2024,Historico_adjunto,Sin_faltantes_en_variables_requeridas
2024-01-24,35.0,17.2,0.0,Adjunto del usuario; Tres Arroyos 2024,Historico_adjunto,Sin_faltantes_en_variables_requeridas
2024-01-25,36.0,17.6,0.0,Adjunto del usuario; Tres Arroyos 2024,Historico_adjunto,Sin_faltantes_en_variables_requeridas
2024-01-26,36.0,18.6,0.0,Adjunto del usuario; Tres Arroyos 2024,Historico_adjunto,Sin_faltantes_en_variables_requeridas
2024-01-27,35.6,19.2,0.0,Adjunto del usuario; Tres Arroyos 2024,Historico_adjunto,Sin_faltantes_en_variables_requeridas
2024-01-28,34.6,18.4,0.0,Adjunto del usuario; Tres Arroyos 2024,Historico_adjunto,Sin_faltantes_en_variables_requeridas
2024-01-29,36.0,19.0,0.0,Adjunto del usuario; Tres Arroyos 2024,Historico_adjunto,Sin_faltantes_en_variables_requeridas
2024-01-30,39.0,20.2,0.0,Adjunto del usuario; Tres Arroyos 2024,Historico_adjunto,Sin_faltantes_en_variables_requeridas
2024-01-31,40.0,16.2,6.0,Adjunto del usuario; Tres Arroyos 2024,Historico_adjunto,Sin_faltantes_en_variables_requeridas
2024-02-01,40.0,21.0,0.0,Adjunto del usuario; Tres Arroyos 2024,Historico_adjunto,Sin_faltantes_en_variables_requeridas
2024-02-02,37.0,25.0,2.0,Adjunto del usuario; Tres Arroyos 2024,Historico_adjunto,Sin_faltantes_en_variables_requeridas
2024-02-03,33.6,18.0,0.0,Adjunto del usuario; Tres Arroyos 2024,Historico_adjunto,Sin_faltantes_en_variables_requeridas
2024-02-04,29.4,6.2,0.0,Adjunto del usuario; Tres Arroyos 2024,Historico_adjunto,Sin_faltantes_en_variables_requeridas
2024-02-05,25.0,14.8,15.5,Adjunto del usuario; Tres Arroyos 2024,Historico_adjunto,Sin_faltantes_en_variables_requeridas
2024-02-06,30.0,19.8,0.3,Adjunto del usuario; Tres Arroyos 2024,Historico_adjunto,Sin_faltantes_en_variables_requeridas
2024-02-07,28.0,22.2,0.0,Adjunto del usuario; Tres Arroyos 2024,Historico_adjunto,Sin_faltantes_en_variables_requeridas
2024-02-08,28.0,18.8,0.0,Adjunto del usuario; Tres Arroyos 2024,Historico_adjunto,Sin_faltantes_en_variables_requeridas
2024-02-09,27.0,20.6,13.8,Adjunto del usuario; Tres Arroyos 2024,Historico_adjunto,Sin_faltantes_en_variables_requeridas
2024-02-10,29.6,20.8,1.8,Adjunto del usuario; Tres Arroyos 2024,Historico_adjunto,Sin_faltantes_en_variables_requeridas
2024-02-11,34.0,16.6,4.4,Adjunto del usuario; Tres Arroyos 2024,Historico_adjunto,Sin_faltantes_en_variables_requeridas
2024-02-12,28.4,14.7,0.0,Adjunto del usuario; Tres Arroyos 2024,Historico_adjunto,Sin_faltantes_en_variables_requeridas
2024-02-13,23.0,6.4,0.0,Adjunto del usuario; Tres Arroyos 2024,Historico_adjunto,Sin_faltantes_en_variables_requeridas
2024-02-14,27.0,7.0,0.0,Adjunto del usuario; Tres Arroyos 2024,Historico_adjunto,Sin_faltantes_en_variables_requeridas
2024-02-15,30.0,13.6,0.0,Adjunto del usuario; Tres Arroyos 2024,Historico_adjunto,Sin_faltantes_en_variables_requeridas
2024-02-16,31.0,16.2,0.0,Adjunto del usuario; Tres Arroyos 2024,Historico_adjunto,Sin_faltantes_en_variables_requeridas
2024-02-17,31.8,16.6,0.0,Adjunto del usuario; Tres Arroyos 2024,Historico_adjunto,Sin_faltantes_en_variables_requeridas
2024-02-18,28.6,19.7,0.0,Adjunto del usuario; Tres Arroyos 2024,Historico_adjunto,Sin_faltantes_en_variables_requeridas
2024-02-19,34.0,12.0,0.0,Adjunto del usuario; Tres Arroyos 2024,Historico_adjunto,Sin_faltantes_en_variables_requeridas
2024-02-20,35.0,14.8,0.0,Adjunto del usuario; Tres Arroyos 2024,Historico_adjunto,Sin_faltantes_en_variables_requeridas
2024-02-21,35.0,18.2,0.0,Adjunto del usuario; Tres Arroyos 2024,Historico_adjunto,Sin_faltantes_en_variables_requeridas
2024-02-22,30.0,17.7,12.0,Adjunto del usuario; Tres Arroyos 2024,Historico_adjunto,Sin_faltantes_en_variables_requeridas
2024-02-23,25.0,16.0,0.0,Adjunto del usuario; Tres Arroyos 2024,Historico_adjunto,Sin_faltantes_en_variables_requeridas
2024-02-24,22.8,8.2,0.0,Adjunto del usuario; Tres Arroyos 2024,Historico_adjunto,Sin_faltantes_en_variables_requeridas
2024-02-25,26.8,8.0,0.0,Adjunto del usuario; Tres Arroyos 2024,Historico_adjunto,Sin_faltantes_en_variables_requeridas
2024-02-26,30.0,15.4,33.5,Adjunto del usuario; Tres Arroyos 2024,Historico_adjunto,Sin_faltantes_en_variables_requeridas
2024-02-27,31.0,17.0,0.0,Adjunto del usuario; Tres Arroyos 2024,Historico_adjunto,Sin_faltantes_en_variables_requeridas
2024-02-28,32.0,18.2,0.0,Adjunto del usuario; Tres Arroyos 2024,Historico_adjunto,Sin_faltantes_en_variables_requeridas
2024-02-29,27.0,10.4,0.0,Adjunto del usuario; Tres Arroyos 2024,Historico_adjunto,Sin_faltantes_en_variables_requeridas
2024-03-01,30.0,11.8,0.0,Adjunto del usuario; Tres Arroyos 2024,Historico_adjunto,Sin_faltantes_en_variables_requeridas
2024-03-02,26.0,18.2,0.0,Adjunto del usuario; Tres Arroyos 2024,Historico_adjunto,Sin_faltantes_en_variables_requeridas
2024-03-03,24.0,4.7,0.0,Adjunto del usuario; Tres Arroyos 2024,Historico_adjunto,Sin_faltantes_en_variables_requeridas
2024-03-04,24.0,5.0,0.0,Adjunto del usuario; Tres Arroyos 2024,Historico_adjunto,Sin_faltantes_en_variables_requeridas
2024-03-05,22.0,6.4,0.0,Adjunto del usuario; Tres Arroyos 2024,Historico_adjunto,Sin_faltantes_en_variables_requeridas
2024-03-06,28.0,10.7,0.6,Adjunto del usuario; Tres Arroyos 2024,Historico_adjunto,Sin_faltantes_en_variables_requeridas
2024-03-07,32.0,16.9,3.7,Adjunto del usuario; Tres Arroyos 2024,Historico_adjunto,Sin_faltantes_en_variables_requeridas
2024-03-08,28.0,18.2,0.0,Adjunto del usuario; Tres Arroyos 2024,Historico_adjunto,Sin_faltantes_en_variables_requeridas
2024-03-09,27.0,15.0,0.0,Adjunto del usuario; Tres Arroyos 2024,Historico_adjunto,Sin_faltantes_en_variables_requeridas
2024-03-10,29.6,8.8,12.0,Adjunto del usuario; Tres Arroyos 2024,Historico_adjunto,Sin_faltantes_en_variables_requeridas
2024-03-11,25.0,18.4,6.0,Adjunto del usuario; Tres Arroyos 2024,Historico_adjunto,Sin_faltantes_en_variables_requeridas
2024-03-12,26.0,19.0,0.0,Adjunto del usuario; Tres Arroyos 2024,Historico_adjunto,Sin_faltantes_en_variables_requeridas
2024-03-13,30.0,13.9,0.0,Adjunto del usuario; Tres Arroyos 2024,Historico_adjunto,Sin_faltantes_en_variables_requeridas
2024-03-14,26.0,16.6,0.0,Adjunto del usuario; Tres Arroyos 2024,Historico_adjunto,Sin_faltantes_en_variables_requeridas
2024-03-15,28.0,9.4,0.0,Adjunto del usuario; Tres Arroyos 2024,Historico_adjunto,Sin_faltantes_en_variables_requeridas
2024-03-16,25.2,14.0,0.0,Adjunto del usuario; Tres Arroyos 2024,Historico_adjunto,Sin_faltantes_en_variables_requeridas
2024-03-17,28.6,8.6,0.0,Adjunto del usuario; Tres Arroyos 2024,Historico_adjunto,Sin_faltantes_en_variables_requeridas
2024-03-18,29.0,15.8,0.0,Adjunto del usuario; Tres Arroyos 2024,Historico_adjunto,Sin_faltantes_en_variables_requeridas
2024-03-19,28.0,10.2,2.9,Adjunto del usuario; Tres Arroyos 2024,Historico_adjunto,Sin_faltantes_en_variables_requeridas
2024-03-20,25.0,16.7,0.0,Adjunto del usuario; Tres Arroyos 2024,Historico_adjunto,Sin_faltantes_en_variables_requeridas
2024-03-21,21.0,5.4,0.0,Adjunto del usuario; Tres Arroyos 2024,Historico_adjunto,Sin_faltantes_en_variables_requeridas
2024-03-22,25.0,3.4,0.0,Adjunto del usuario; Tres Arroyos 2024,Historico_adjunto,Sin_faltantes_en_variables_requeridas
2024-03-23,24.4,14.2,0.0,Adjunto del usuario; Tres Arroyos 2024,Historico_adjunto,Sin_faltantes_en_variables_requeridas
2024-03-24,27.4,11.5,0.0,Adjunto del usuario; Tres Arroyos 2024,Historico_adjunto,Sin_faltantes_en_variables_requeridas
2024-03-25,26.0,6.6,0.0,Adjunto del usuario; Tres Arroyos 2024,Historico_adjunto,Sin_faltantes_en_variables_requeridas
2024-03-26,28.0,11.0,12.2,Adjunto del usuario; Tres Arroyos 2024,Historico_adjunto,Sin_faltantes_en_variables_requeridas
2024-03-27,24.0,16.8,0.7,Adjunto del usuario; Tres Arroyos 2024,Historico_adjunto,Sin_faltantes_en_variables_requeridas
2024-03-28,26.0,16.6,0.0,Adjunto del usuario; Tres Arroyos 2024,Historico_adjunto,Sin_faltantes_en_variables_requeridas
2024-03-29,30.0,16.4,1.7,Adjunto del usuario; Tres Arroyos 2024,Historico_adjunto,Sin_faltantes_en_variables_requeridas
2024-03-30,26.7,14.2,0.0,Adjunto del usuario; Tres Arroyos 2024,Historico_adjunto,Sin_faltantes_en_variables_requeridas
2024-03-31,19.8,9.4,0.0,Adjunto del usuario; Tres Arroyos 2024,Historico_adjunto,Sin_faltantes_en_variables_requeridas
2024-04-01,21.4,4.6,0.0,Adjunto del usuario; Tres Arroyos 2024,Historico_adjunto,Sin_faltantes_en_variables_requeridas
2024-04-02,22.6,4.8,0.0,Adjunto del usuario; Tres Arroyos 2024,Historico_adjunto,Sin_faltantes_en_variables_requeridas
2024-04-03,23.0,13.8,0.0,Adjunto del usuario; Tres Arroyos 2024,Historico_adjunto,Sin_faltantes_en_variables_requeridas
2024-04-04,27.4,4.4,0.0,Adjunto del usuario; Tres Arroyos 2024,Historico_adjunto,Sin_faltantes_en_variables_requeridas
2024-04-05,29.6,5.2,0.0,Adjunto del usuario; Tres Arroyos 2024,Historico_adjunto,Sin_faltantes_en_variables_requeridas
2024-04-06,29.4,7.0,0.0,Adjunto del usuario; Tres Arroyos 2024,Historico_adjunto,Sin_faltantes_en_variables_requeridas
2024-04-07,28.2,12.8,0.0,Adjunto del usuario; Tres Arroyos 2024,Historico_adjunto,Sin_faltantes_en_variables_requeridas
2024-04-08,28.6,16.2,0.0,Adjunto del usuario; Tres Arroyos 2024,Historico_adjunto,Sin_faltantes_en_variables_requeridas
2024-04-09,21.6,11.7,0.0,Adjunto del usuario; Tres Arroyos 2024,Historico_adjunto,Sin_faltantes_en_variables_requeridas
2024-04-10,18.2,4.6,0.0,Adjunto del usuario; Tres Arroyos 2024,Historico_adjunto,Sin_faltantes_en_variables_requeridas
2024-04-11,16.0,3.8,0.0,Adjunto del usuario; Tres Arroyos 2024,Historico_adjunto,Sin_faltantes_en_variables_requeridas
2024-04-12,13.6,6.8,7.4,Adjunto del usuario; Tres Arroyos 2024,Historico_adjunto,Sin_faltantes_en_variables_requeridas
2024-04-13,21.4,9.4,4.1,Adjunto del usuario; Tres Arroyos 2024,Historico_adjunto,Sin_faltantes_en_variables_requeridas
2024-04-14,19.8,14.7,9.2,Adjunto del usuario; Tres Arroyos 2024,Historico_adjunto,Sin_faltantes_en_variables_requeridas
2024-04-15,20.6,17.2,40.0,Adjunto del usuario; Tres Arroyos 2024,Historico_adjunto,Sin_faltantes_en_variables_requeridas
2024-04-16,22.0,15.0,1.5,Adjunto del usuario; Tres Arroyos 2024,Historico_adjunto,Sin_faltantes_en_variables_requeridas
2024-04-17,19.4,9.5,0.0,Adjunto del usuario; Tres Arroyos 2024,Historico_adjunto,Sin_faltantes_en_variables_requeridas
2024-04-18,23.4,6.6,0.0,Adjunto del usuario; Tres Arroyos 2024,Historico_adjunto,Sin_faltantes_en_variables_requeridas
2024-04-19,24.6,13.6,0.0,Adjunto del usuario; Tres Arroyos 2024,Historico_adjunto,Sin_faltantes_en_variables_requeridas
2024-04-20,22.8,7.0,0.0,Adjunto del usuario; Tres Arroyos 2024,Historico_adjunto,Sin_faltantes_en_variables_requeridas
2024-04-21,18.2,8.2,0.0,Adjunto del usuario; Tres Arroyos 2024,Historico_adjunto,Sin_faltantes_en_variables_requeridas
2024-04-22,14.6,7.0,31.7,Adjunto del usuario; Tres Arroyos 2024,Historico_adjunto,Sin_faltantes_en_variables_requeridas
2024-04-23,16.4,7.2,0.0,Adjunto del usuario; Tres Arroyos 2024,Historico_adjunto,Sin_faltantes_en_variables_requeridas
2024-04-24,19.0,4.6,1.1,Adjunto del usuario; Tres Arroyos 2024,Historico_adjunto,Sin_faltantes_en_variables_requeridas
2024-04-25,19.0,5.2,0.0,Adjunto del usuario; Tres Arroyos 2024,Historico_adjunto,Sin_faltantes_en_variables_requeridas
2024-04-26,21.2,8.2,0.0,Adjunto del usuario; Tres Arroyos 2024,Historico_adjunto,Sin_faltantes_en_variables_requeridas
2024-04-27,14.8,4.4,0.0,Adjunto del usuario; Tres Arroyos 2024,Historico_adjunto,Sin_faltantes_en_variables_requeridas
2024-04-28,19.8,3.4,0.0,Adjunto del usuario; Tres Arroyos 2024,Historico_adjunto,Sin_faltantes_en_variables_requeridas
2024-04-29,21.6,9.0,0.5,Adjunto del usuario; Tres Arroyos 2024,Historico_adjunto,Sin_faltantes_en_variables_requeridas
2024-04-30,17.4,9.2,0.0,Adjunto del usuario; Tres Arroyos 2024,Historico_adjunto,Sin_faltantes_en_variables_requeridas
2024-05-01,13.6,2.7,0.0,Adjunto del usuario; Tres Arroyos 2024,Historico_adjunto,Sin_faltantes_en_variables_requeridas
2024-05-02,14.0,0.6,0.0,Adjunto del usuario; Tres Arroyos 2024,Historico_adjunto,Sin_faltantes_en_variables_requeridas
2024-05-03,17.5,-2.4,0.0,Adjunto del usuario; Tres Arroyos 2024,Historico_adjunto,Sin_faltantes_en_variables_requeridas
2024-05-04,18.6,5.4,0.0,Adjunto del usuario; Tres Arroyos 2024,Historico_adjunto,Sin_faltantes_en_variables_requeridas
2024-05-05,17.4,9.8,0.0,Adjunto del usuario; Tres Arroyos 2024,Historico_adjunto,Sin_faltantes_en_variables_requeridas
2024-05-06,20.0,7.2,0.6,Adjunto del usuario; Tres Arroyos 2024,Historico_adjunto,Sin_faltantes_en_variables_requeridas
2024-05-07,20.0,10.8,1.5,Adjunto del usuario; Tres Arroyos 2024,Historico_adjunto,Sin_faltantes_en_variables_requeridas
2024-05-08,15.8,8.7,0.0,Adjunto del usuario; Tres Arroyos 2024,Historico_adjunto,Sin_faltantes_en_variables_requeridas
2024-05-09,18.0,-1.7,0.0,Adjunto del usuario; Tres Arroyos 2024,Historico_adjunto,Sin_faltantes_en_variables_requeridas
2024-05-10,20.0,5.4,0.0,Adjunto del usuario; Tres Arroyos 2024,Historico_adjunto,Sin_faltantes_en_variables_requeridas
2024-05-11,14.8,3.4,0.0,Adjunto del usuario; Tres Arroyos 2024,Historico_adjunto,Sin_faltantes_en_variables_requeridas
2024-05-12,12.4,0.2,0.0,Adjunto del usuario; Tres Arroyos 2024,Historico_adjunto,Sin_faltantes_en_variables_requeridas
2024-05-13,11.0,-2.0,2.2,Adjunto del usuario; Tres Arroyos 2024,Historico_adjunto,Sin_faltantes_en_variables_requeridas
2024-05-14,12.0,0.8,0.0,Adjunto del usuario; Tres Arroyos 2024,Historico_adjunto,Sin_faltantes_en_variables_requeridas
2024-05-15,15.0,2.6,0.0,Adjunto del usuario; Tres Arroyos 2024,Historico_adjunto,Sin_faltantes_en_variables_requeridas
2024-05-16,16.0,0.2,1.4,Adjunto del usuario; Tres Arroyos 2024,Historico_adjunto,Sin_faltantes_en_variables_requeridas
2024-05-17,13.0,7.8,0.0,Adjunto del usuario; Tres Arroyos 2024,Historico_adjunto,Sin_faltantes_en_variables_requeridas
2024-05-18,10.0,4.8,0.0,Adjunto del usuario; Tres Arroyos 2024,Historico_adjunto,Sin_faltantes_en_variables_requeridas
2024-05-19,12.4,2.0,0.0,Adjunto del usuario; Tres Arroyos 2024,Historico_adjunto,Sin_faltantes_en_variables_requeridas
2024-05-20,15.0,3.7,0.0,Adjunto del usuario; Tres Arroyos 2024,Historico_adjunto,Sin_faltantes_en_variables_requeridas
2024-05-21,14.0,4.0,0.0,Adjunto del usuario; Tres Arroyos 2024,Historico_adjunto,Sin_faltantes_en_variables_requeridas
2024-05-22,17.0,-0.2,0.0,Adjunto del usuario; Tres Arroyos 2024,Historico_adjunto,Sin_faltantes_en_variables_requeridas
2024-05-23,13.0,2.6,3.8,Adjunto del usuario; Tres Arroyos 2024,Historico_adjunto,Sin_faltantes_en_variables_requeridas
2024-05-24,9.0,1.4,1.5,Adjunto del usuario; Tres Arroyos 2024,Historico_adjunto,Sin_faltantes_en_variables_requeridas
2024-05-25,10.4,-0.3,0.0,Adjunto del usuario; Tres Arroyos 2024,Historico_adjunto,Sin_faltantes_en_variables_requeridas
2024-05-26,10.6,-2.4,0.0,Adjunto del usuario; Tres Arroyos 2024,Historico_adjunto,Sin_faltantes_en_variables_requeridas
2024-05-27,12.0,3.0,0.0,Adjunto del usuario; Tres Arroyos 2024,Historico_adjunto,Sin_faltantes_en_variables_requeridas
2024-05-28,14.0,-3.6,0.0,Adjunto del usuario; Tres Arroyos 2024,Historico_adjunto,Sin_faltantes_en_variables_requeridas
2024-05-29,16.0,7.6,0.0,Adjunto del usuario; Tres Arroyos 2024,Historico_adjunto,Sin_faltantes_en_variables_requeridas
2024-05-30,16.0,2.2,0.0,Adjunto del usuario; Tres Arroyos 2024,Historico_adjunto,Sin_faltantes_en_variables_requeridas
2024-05-31,15.0,1.8,0.0,Adjunto del usuario; Tres Arroyos 2024,Historico_adjunto,Sin_faltantes_en_variables_requeridas
2024-06-01,17.6,4.6,0.0,Adjunto del usuario; Tres Arroyos 2024,Historico_adjunto,Sin_faltantes_en_variables_requeridas
2024-06-02,11.8,2.4,2.2,Adjunto del usuario; Tres Arroyos 2024,Historico_adjunto,Sin_faltantes_en_variables_requeridas
2024-06-03,10.0,0.6,0.0,Adjunto del usuario; Tres Arroyos 2024,Historico_adjunto,Sin_faltantes_en_variables_requeridas
2024-06-04,12.0,1.8,0.0,Adjunto del usuario; Tres Arroyos 2024,Historico_adjunto,Sin_faltantes_en_variables_requeridas
2024-06-05,18.0,6.4,0.0,Adjunto del usuario; Tres Arroyos 2024,Historico_adjunto,Sin_faltantes_en_variables_requeridas
2024-06-06,20.0,4.2,0.0,Adjunto del usuario; Tres Arroyos 2024,Historico_adjunto,Sin_faltantes_en_variables_requeridas
2024-06-07,21.0,4.0,10.6,Adjunto del usuario; Tres Arroyos 2024,Historico_adjunto,Sin_faltantes_en_variables_requeridas
2024-06-08,18.8,12.4,0.5,Adjunto del usuario; Tres Arroyos 2024,Historico_adjunto,Sin_faltantes_en_variables_requeridas
2024-06-09,19.0,13.7,9.2,Adjunto del usuario; Tres Arroyos 2024,Historico_adjunto,Sin_faltantes_en_variables_requeridas
2024-06-10,18.0,4.2,0.0,Adjunto del usuario; Tres Arroyos 2024,Historico_adjunto,Sin_faltantes_en_variables_requeridas
2024-06-11,20.0,5.8,0.0,Adjunto del usuario; Tres Arroyos 2024,Historico_adjunto,Sin_faltantes_en_variables_requeridas
2024-06-12,17.0,7.0,0.0,Adjunto del usuario; Tres Arroyos 2024,Historico_adjunto,Sin_faltantes_en_variables_requeridas
2024-06-13,19.0,14.7,0.7,Adjunto del usuario; Tres Arroyos 2024,Historico_adjunto,Sin_faltantes_en_variables_requeridas
2024-06-14,17.0,9.7,0.0,Adjunto del usuario; Tres Arroyos 2024,Historico_adjunto,Sin_faltantes_en_variables_requeridas
2024-06-15,18.8,3.4,0.0,Adjunto del usuario; Tres Arroyos 2024,Historico_adjunto,Sin_faltantes_en_variables_requeridas
2024-06-16,19.0,2.4,0.0,Adjunto del usuario; Tres Arroyos 2024,Historico_adjunto,Sin_faltantes_en_variables_requeridas
2024-06-17,18.0,6.8,0.0,Adjunto del usuario; Tres Arroyos 2024,Historico_adjunto,Sin_faltantes_en_variables_requeridas
2024-06-18,16.0,8.7,1.2,Adjunto del usuario; Tres Arroyos 2024,Historico_adjunto,Sin_faltantes_en_variables_requeridas
2024-06-19,16.0,5.2,0.0,Adjunto del usuario; Tres Arroyos 2024,Historico_adjunto,Sin_faltantes_en_variables_requeridas
2024-06-20,10.0,-3.6,0.0,Adjunto del usuario; Tres Arroyos 2024,Historico_adjunto,Sin_faltantes_en_variables_requeridas
2024-06-21,14.0,7.0,3.3,Adjunto del usuario; Tres Arroyos 2024,Historico_adjunto,Sin_faltantes_en_variables_requeridas
2024-06-22,14.0,7.6,0.6,Adjunto del usuario; Tres Arroyos 2024,Historico_adjunto,Sin_faltantes_en_variables_requeridas
2024-06-23,10.2,3.8,0.8,Adjunto del usuario; Tres Arroyos 2024,Historico_adjunto,Sin_faltantes_en_variables_requeridas
2024-06-24,10.0,4.0,1.1,Adjunto del usuario; Tres Arroyos 2024,Historico_adjunto,Sin_faltantes_en_variables_requeridas
2024-06-25,10.0,-0.6,0.0,Adjunto del usuario; Tres Arroyos 2024,Historico_adjunto,Sin_faltantes_en_variables_requeridas
2024-06-26,15.0,1.2,0.0,Adjunto del usuario; Tres Arroyos 2024,Historico_adjunto,Sin_faltantes_en_variables_requeridas
2024-06-27,14.0,6.2,0.0,Adjunto del usuario; Tres Arroyos 2024,Historico_adjunto,Sin_faltantes_en_variables_requeridas
2024-06-28,9.0,2.8,0.0,Adjunto del usuario; Tres Arroyos 2024,Historico_adjunto,Sin_faltantes_en_variables_requeridas
2024-06-29,8.0,-2.2,0.0,Adjunto del usuario; Tres Arroyos 2024,Historico_adjunto,Sin_faltantes_en_variables_requeridas
2024-06-30,15.2,-4.0,0.0,Adjunto del usuario; Tres Arroyos 2024,Historico_adjunto,Sin_faltantes_en_variables_requeridas
2024-07-01,15.0,0.6,0.0,Adjunto del usuario; Tres Arroyos 2024,Historico_adjunto,Sin_faltantes_en_variables_requeridas
2024-07-02,19.0,2.8,0.0,Adjunto del usuario; Tres Arroyos 2024,Historico_adjunto,Sin_faltantes_en_variables_requeridas
2024-07-03,12.0,3.4,0.0,Adjunto del usuario; Tres Arroyos 2024,Historico_adjunto,Sin_faltantes_en_variables_requeridas
2024-07-04,10.0,-0.4,0.0,Adjunto del usuario; Tres Arroyos 2024,Historico_adjunto,Sin_faltantes_en_variables_requeridas
2024-07-05,9.0,-0.8,0.0,Adjunto del usuario; Tres Arroyos 2024,Historico_adjunto,Sin_faltantes_en_variables_requeridas
2024-07-06,8.6,-2.2,0.6,Adjunto del usuario; Tres Arroyos 2024,Historico_adjunto,Sin_faltantes_en_variables_requeridas
2024-07-07,7.0,-5.2,0.0,Adjunto del usuario; Tres Arroyos 2024,Historico_adjunto,Sin_faltantes_en_variables_requeridas
2024-07-08,9.0,-8.2,0.0,Adjunto del usuario; Tres Arroyos 2024,Historico_adjunto,Sin_faltantes_en_variables_requeridas
2024-07-09,9.0,-5.2,0.0,Adjunto del usuario; Tres Arroyos 2024,Historico_adjunto,Sin_faltantes_en_variables_requeridas
2024-07-10,10.0,-6.4,0.0,Adjunto del usuario; Tres Arroyos 2024,Historico_adjunto,Sin_faltantes_en_variables_requeridas
2024-07-11,11.0,-3.6,0.0,Adjunto del usuario; Tres Arroyos 2024,Historico_adjunto,Sin_faltantes_en_variables_requeridas
2024-07-12,12.0,-3.4,0.0,Adjunto del usuario; Tres Arroyos 2024,Historico_adjunto,Sin_faltantes_en_variables_requeridas
2024-07-13,14.2,-5.4,0.0,Adjunto del usuario; Tres Arroyos 2024,Historico_adjunto,Sin_faltantes_en_variables_requeridas
2024-07-14,13.8,-3.4,0.0,Adjunto del usuario; Tres Arroyos 2024,Historico_adjunto,Sin_faltantes_en_variables_requeridas
2024-07-15,16.0,-1.8,0.0,Adjunto del usuario; Tres Arroyos 2024,Historico_adjunto,Sin_faltantes_en_variables_requeridas
2024-07-16,17.0,7.4,0.0,Adjunto del usuario; Tres Arroyos 2024,Historico_adjunto,Sin_faltantes_en_variables_requeridas
2024-07-17,16.0,-1.8,0.0,Adjunto del usuario; Tres Arroyos 2024,Historico_adjunto,Sin_faltantes_en_variables_requeridas
2024-07-18,16.0,6.8,0.0,Adjunto del usuario; Tres Arroyos 2024,Historico_adjunto,Sin_faltantes_en_variables_requeridas
2024-07-19,10.7,5.6,0.0,Adjunto del usuario; Tres Arroyos 2024,Historico_adjunto,Sin_faltantes_en_variables_requeridas
2024-07-20,9.6,-6.6,0.0,Adjunto del usuario; Tres Arroyos 2024,Historico_adjunto,Sin_faltantes_en_variables_requeridas
2024-07-21,14.0,3.0,0.0,Adjunto del usuario; Tres Arroyos 2024,Historico_adjunto,Sin_faltantes_en_variables_requeridas
2024-07-22,21.0,-0.8,0.0,Adjunto del usuario; Tres Arroyos 2024,Historico_adjunto,Sin_faltantes_en_variables_requeridas
2024-07-23,21.0,3.2,0.0,Adjunto del usuario; Tres Arroyos 2024,Historico_adjunto,Sin_faltantes_en_variables_requeridas
2024-07-24,21.0,11.2,0.0,Adjunto del usuario; Tres Arroyos 2024,Historico_adjunto,Sin_faltantes_en_variables_requeridas
2024-07-25,22.0,0.6,0.0,Adjunto del usuario; Tres Arroyos 2024,Historico_adjunto,Sin_faltantes_en_variables_requeridas
2024-07-26,20.0,0.2,0.0,Adjunto del usuario; Tres Arroyos 2024,Historico_adjunto,Sin_faltantes_en_variables_requeridas
2024-07-27,14.8,-3.6,0.0,Adjunto del usuario; Tres Arroyos 2024,Historico_adjunto,Sin_faltantes_en_variables_requeridas
2024-07-28,11.0,-8.2,0.0,Adjunto del usuario; Tres Arroyos 2024,Historico_adjunto,Sin_faltantes_en_variables_requeridas
2024-07-29,13.0,-8.8,0.0,Adjunto del usuario; Tres Arroyos 2024,Historico_adjunto,Sin_faltantes_en_variables_requeridas
2024-07-30,16.0,-1.6,0.0,Adjunto del usuario; Tres Arroyos 2024,Historico_adjunto,Sin_faltantes_en_variables_requeridas
2024-07-31,19.0,5.6,0.0,Adjunto del usuario; Tres Arroyos 2024,Historico_adjunto,Sin_faltantes_en_variables_requeridas
2024-08-01,20.0,11.0,0.0,Adjunto del usuario; Tres Arroyos 2024,Historico_adjunto,Sin_faltantes_en_variables_requeridas
2024-08-02,25.0,15.0,0.0,Adjunto del usuario; Tres Arroyos 2024,Historico_adjunto,Sin_faltantes_en_variables_requeridas
2024-08-03,19.4,7.6,0.0,Adjunto del usuario; Tres Arroyos 2024,Historico_adjunto,Sin_faltantes_en_variables_requeridas
2024-08-04,20.0,-1.2,0.0,Adjunto del usuario; Tres Arroyos 2024,Historico_adjunto,Sin_faltantes_en_variables_requeridas
2024-08-05,20.0,1.2,0.0,Adjunto del usuario; Tres Arroyos 2024,Historico_adjunto,Sin_faltantes_en_variables_requeridas
2024-08-06,14.0,9.7,4.0,Adjunto del usuario; Tres Arroyos 2024,Historico_adjunto,Sin_faltantes_en_variables_requeridas
2024-08-07,11.0,6.6,44.0,Adjunto del usuario; Tres Arroyos 2024,Historico_adjunto,Sin_faltantes_en_variables_requeridas
2024-08-08,10.0,4.6,0.6,Adjunto del usuario; Tres Arroyos 2024,Historico_adjunto,Sin_faltantes_en_variables_requeridas
2024-08-09,13.0,-2.6,0.1,Adjunto del usuario; Tres Arroyos 2024,Historico_adjunto,Sin_faltantes_en_variables_requeridas
2024-08-10,15.4,4.0,0.0,Adjunto del usuario; Tres Arroyos 2024,Historico_adjunto,Sin_faltantes_en_variables_requeridas
2024-08-11,11.2,5.2,1.8,Adjunto del usuario; Tres Arroyos 2024,Historico_adjunto,Sin_faltantes_en_variables_requeridas
2024-08-12,15.0,-0.6,0.0,Adjunto del usuario; Tres Arroyos 2024,Historico_adjunto,Sin_faltantes_en_variables_requeridas
2024-08-13,20.0,5.0,0.0,Adjunto del usuario; Tres Arroyos 2024,Historico_adjunto,Sin_faltantes_en_variables_requeridas
2024-08-14,21.0,3.0,0.0,Adjunto del usuario; Tres Arroyos 2024,Historico_adjunto,Sin_faltantes_en_variables_requeridas
2024-08-15,13.2,6.0,0.0,Adjunto del usuario; Tres Arroyos 2024,Historico_adjunto,Sin_faltantes_en_variables_requeridas
2024-08-16,11.0,4.0,0.0,Adjunto del usuario; Tres Arroyos 2024,Historico_adjunto,Sin_faltantes_en_variables_requeridas
2024-08-17,10.6,2.0,0.0,Adjunto del usuario; Tres Arroyos 2024,Historico_adjunto,Sin_faltantes_en_variables_requeridas
2024-08-18,10.6,6.4,0.0,Adjunto del usuario; Tres Arroyos 2024,Historico_adjunto,Sin_faltantes_en_variables_requeridas
2024-08-19,10.0,4.6,0.0,Adjunto del usuario; Tres Arroyos 2024,Historico_adjunto,Sin_faltantes_en_variables_requeridas
2024-08-20,11.0,-3.2,0.0,Adjunto del usuario; Tres Arroyos 2024,Historico_adjunto,Sin_faltantes_en_variables_requeridas
2024-08-21,7.0,3.8,8.3,Adjunto del usuario; Tres Arroyos 2024,Historico_adjunto,Sin_faltantes_en_variables_requeridas
2024-08-22,9.0,4.0,0.8,Adjunto del usuario; Tres Arroyos 2024,Historico_adjunto,Sin_faltantes_en_variables_requeridas
2024-08-23,12.0,-2.7,0.0,Adjunto del usuario; Tres Arroyos 2024,Historico_adjunto,Sin_faltantes_en_variables_requeridas
2024-08-24,11.8,-3.4,0.2,Adjunto del usuario; Tres Arroyos 2024,Historico_adjunto,Sin_faltantes_en_variables_requeridas
2024-08-25,12.4,-1.8,0.0,Adjunto del usuario; Tres Arroyos 2024,Historico_adjunto,Sin_faltantes_en_variables_requeridas
2024-08-26,15.0,1.8,0.0,Adjunto del usuario; Tres Arroyos 2024,Historico_adjunto,Sin_faltantes_en_variables_requeridas
2024-08-27,17.0,2.0,0.0,Adjunto del usuario; Tres Arroyos 2024,Historico_adjunto,Sin_faltantes_en_variables_requeridas
2024-08-28,20.0,-0.8,0.0,Adjunto del usuario; Tres Arroyos 2024,Historico_adjunto,Sin_faltantes_en_variables_requeridas
2024-08-29,18.0,-0.2,0.0,Adjunto del usuario; Tres Arroyos 2024,Historico_adjunto,Sin_faltantes_en_variables_requeridas
2024-08-30,15.0,-4.8,0.0,Adjunto del usuario; Tres Arroyos 2024,Historico_adjunto,Sin_faltantes_en_variables_requeridas
2024-08-31,12.8,-0.4,0.0,Adjunto del usuario; Tres Arroyos 2024,Historico_adjunto,Sin_faltantes_en_variables_requeridas
2024-09-01,19.6,-2.0,0.0,Adjunto del usuario; Tres Arroyos 2024,Historico_adjunto,Sin_faltantes_en_variables_requeridas
2024-09-02,20.2,9.4,0.0,Adjunto del usuario; Tres Arroyos 2024,Historico_adjunto,Sin_faltantes_en_variables_requeridas
2024-09-03,18.0,-0.2,0.0,Adjunto del usuario; Tres Arroyos 2024,Historico_adjunto,Sin_faltantes_en_variables_requeridas
2024-09-04,15.2,0.6,0.0,Adjunto del usuario; Tres Arroyos 2024,Historico_adjunto,Sin_faltantes_en_variables_requeridas
2024-09-05,19.2,-3.6,0.0,Adjunto del usuario; Tres Arroyos 2024,Historico_adjunto,Sin_faltantes_en_variables_requeridas
2024-09-06,20.0,5.8,0.0,Adjunto del usuario; Tres Arroyos 2024,Historico_adjunto,Sin_faltantes_en_variables_requeridas
2024-09-07,22.0,1.2,0.0,Adjunto del usuario; Tres Arroyos 2024,Historico_adjunto,Sin_faltantes_en_variables_requeridas
2024-09-08,23.2,-1.8,0.0,Adjunto del usuario; Tres Arroyos 2024,Historico_adjunto,Sin_faltantes_en_variables_requeridas
2024-09-09,20.8,7.6,2.0,Adjunto del usuario; Tres Arroyos 2024,Historico_adjunto,Sin_faltantes_en_variables_requeridas
2024-09-10,14.8,1.6,3.9,Adjunto del usuario; Tres Arroyos 2024,Historico_adjunto,Sin_faltantes_en_variables_requeridas
2024-09-11,16.6,2.6,0.0,Adjunto del usuario; Tres Arroyos 2024,Historico_adjunto,Sin_faltantes_en_variables_requeridas
2024-09-12,19.6,-1.4,0.0,Adjunto del usuario; Tres Arroyos 2024,Historico_adjunto,Sin_faltantes_en_variables_requeridas
2024-09-13,19.4,6.6,0.0,Adjunto del usuario; Tres Arroyos 2024,Historico_adjunto,Sin_faltantes_en_variables_requeridas
2024-09-14,18.0,-2.8,0.0,Adjunto del usuario; Tres Arroyos 2024,Historico_adjunto,Sin_faltantes_en_variables_requeridas
2024-09-15,24.4,6.8,0.0,Adjunto del usuario; Tres Arroyos 2024,Historico_adjunto,Sin_faltantes_en_variables_requeridas
2024-09-16,21.4,-0.6,0.0,Adjunto del usuario; Tres Arroyos 2024,Historico_adjunto,Sin_faltantes_en_variables_requeridas
2024-09-17,26.8,7.8,0.0,Adjunto del usuario; Tres Arroyos 2024,Historico_adjunto,Sin_faltantes_en_variables_requeridas
2024-09-18,28.4,10.3,0.0,Adjunto del usuario; Tres Arroyos 2024,Historico_adjunto,Sin_faltantes_en_variables_requeridas
2024-09-19,21.6,12.0,15.5,Adjunto del usuario; Tres Arroyos 2024,Historico_adjunto,Sin_faltantes_en_variables_requeridas
2024-09-20,18.4,9.2,0.0,Adjunto del usuario; Tres Arroyos 2024,Historico_adjunto,Sin_faltantes_en_variables_requeridas
2024-09-21,23.2,9.2,32.5,Adjunto del usuario; Tres Arroyos 2024,Historico_adjunto,Sin_faltantes_en_variables_requeridas
2024-09-22,18.6,9.0,0.0,Adjunto del usuario; Tres Arroyos 2024,Historico_adjunto,Sin_faltantes_en_variables_requeridas
2024-09-23,19.2,5.6,0.0,Adjunto del usuario; Tres Arroyos 2024,Historico_adjunto,Sin_faltantes_en_variables_requeridas
2024-09-24,21.6,3.0,0.0,Adjunto del usuario; Tres Arroyos 2024,Historico_adjunto,Sin_faltantes_en_variables_requeridas
2024-09-25,18.4,6.0,0.0,Adjunto del usuario; Tres Arroyos 2024,Historico_adjunto,Sin_faltantes_en_variables_requeridas
2024-09-26,19.4,0.0,0.0,Adjunto del usuario; Tres Arroyos 2024,Historico_adjunto,Sin_faltantes_en_variables_requeridas
2024-09-27,21.8,4.4,0.0,Adjunto del usuario; Tres Arroyos 2024,Historico_adjunto,Sin_faltantes_en_variables_requeridas
2024-09-28,24.4,8.4,0.0,Adjunto del usuario; Tres Arroyos 2024,Historico_adjunto,Sin_faltantes_en_variables_requeridas
2024-09-29,26.6,8.6,15.5,Adjunto del usuario; Tres Arroyos 2024,Historico_adjunto,Sin_faltantes_en_variables_requeridas
2024-09-30,22.0,15.5,0.5,Adjunto del usuario; Tres Arroyos 2024,Historico_adjunto,Sin_faltantes_en_variables_requeridas
2024-10-01,16.6,7.6,0.0,Adjunto del usuario; Tres Arroyos 2024,Historico_adjunto,Sin_faltantes_en_variables_requeridas
2024-10-02,13.6,0.2,0.0,Adjunto del usuario; Tres Arroyos 2024,Historico_adjunto,Sin_faltantes_en_variables_requeridas
2024-10-03,19.8,-1.6,0.0,Adjunto del usuario; Tres Arroyos 2024,Historico_adjunto,Sin_faltantes_en_variables_requeridas
2024-10-04,23.2,8.4,0.0,Adjunto del usuario; Tres Arroyos 2024,Historico_adjunto,Sin_faltantes_en_variables_requeridas
2024-10-05,18.8,8.8,0.0,Adjunto del usuario; Tres Arroyos 2024,Historico_adjunto,Sin_faltantes_en_variables_requeridas
2024-10-06,20.6,3.6,0.0,Adjunto del usuario; Tres Arroyos 2024,Historico_adjunto,Sin_faltantes_en_variables_requeridas
2024-10-07,21.8,11.7,0.0,Adjunto del usuario; Tres Arroyos 2024,Historico_adjunto,Sin_faltantes_en_variables_requeridas
2024-10-08,16.6,8.0,0.0,Adjunto del usuario; Tres Arroyos 2024,Historico_adjunto,Sin_faltantes_en_variables_requeridas
2024-10-09,19.3,5.0,0.0,Adjunto del usuario; Tres Arroyos 2024,Historico_adjunto,Sin_faltantes_en_variables_requeridas
2024-10-10,22.8,8.0,0.0,Adjunto del usuario; Tres Arroyos 2024,Historico_adjunto,Sin_faltantes_en_variables_requeridas
2024-10-11,19.4,10.2,0.0,Adjunto del usuario; Tres Arroyos 2024,Historico_adjunto,Sin_faltantes_en_variables_requeridas
2024-10-12,22.4,1.8,0.0,Adjunto del usuario; Tres Arroyos 2024,Historico_adjunto,Sin_faltantes_en_variables_requeridas
2024-10-13,26.4,2.6,16.5,Adjunto del usuario; Tres Arroyos 2024,Historico_adjunto,Sin_faltantes_en_variables_requeridas
2024-10-14,26.4,10.4,0.0,Adjunto del usuario; Tres Arroyos 2024,Historico_adjunto,Sin_faltantes_en_variables_requeridas
2024-10-15,23.4,12.2,0.0,Adjunto del usuario; Tres Arroyos 2024,Historico_adjunto,Sin_faltantes_en_variables_requeridas
2024-10-16,27.0,5.4,10.5,Adjunto del usuario; Tres Arroyos 2024,Historico_adjunto,Sin_faltantes_en_variables_requeridas
2024-10-17,23.6,14.0,0.0,Adjunto del usuario; Tres Arroyos 2024,Historico_adjunto,Sin_faltantes_en_variables_requeridas
2024-10-18,25.9,6.2,0.0,Adjunto del usuario; Tres Arroyos 2024,Historico_adjunto,Sin_faltantes_en_variables_requeridas
2024-10-19,28.8,12.6,0.0,Adjunto del usuario; Tres Arroyos 2024,Historico_adjunto,Sin_faltantes_en_variables_requeridas
2024-10-20,29.2,16.2,0.0,Adjunto del usuario; Tres Arroyos 2024,Historico_adjunto,Sin_faltantes_en_variables_requeridas
2024-10-21,28.8,18.2,0.0,Adjunto del usuario; Tres Arroyos 2024,Historico_adjunto,Sin_faltantes_en_variables_requeridas
2024-10-22,29.4,5.8,0.0,Adjunto del usuario; Tres Arroyos 2024,Historico_adjunto,Sin_faltantes_en_variables_requeridas
2024-10-23,22.0,12.6,0.0,Adjunto del usuario; Tres Arroyos 2024,Historico_adjunto,Sin_faltantes_en_variables_requeridas
2024-10-24,26.0,8.2,0.0,Adjunto del usuario; Tres Arroyos 2024,Historico_adjunto,Sin_faltantes_en_variables_requeridas
2024-10-25,19.4,8.4,0.6,Adjunto del usuario; Tres Arroyos 2024,Historico_adjunto,Sin_faltantes_en_variables_requeridas
2024-10-26,21.6,2.6,0.0,Adjunto del usuario; Tres Arroyos 2024,Historico_adjunto,Sin_faltantes_en_variables_requeridas
2024-10-27,28.4,3.6,0.0,Adjunto del usuario; Tres Arroyos 2024,Historico_adjunto,Sin_faltantes_en_variables_requeridas
2024-10-28,32.0,13.8,0.0,Adjunto del usuario; Tres Arroyos 2024,Historico_adjunto,Sin_faltantes_en_variables_requeridas
2024-10-29,34.4,8.2,0.0,Adjunto del usuario; Tres Arroyos 2024,Historico_adjunto,Sin_faltantes_en_variables_requeridas
2024-10-30,35.6,19.4,0.0,Adjunto del usuario; Tres Arroyos 2024,Historico_adjunto,Sin_faltantes_en_variables_requeridas
2024-10-31,32.0,16.8,0.0,Adjunto del usuario; Tres Arroyos 2024,Historico_adjunto,Sin_faltantes_en_variables_requeridas
2024-11-01,32.6,17.8,13.0,Adjunto del usuario; Tres Arroyos 2024,Historico_adjunto,Sin_faltantes_en_variables_requeridas
2024-11-02,27.6,12.0,0.0,Adjunto del usuario; Tres Arroyos 2024,Historico_adjunto,Sin_faltantes_en_variables_requeridas
2024-11-03,24.2,5.0,28.2,Adjunto del usuario; Tres Arroyos 2024,Historico_adjunto,Sin_faltantes_en_variables_requeridas
2024-11-04,23.4,13.4,3.5,Adjunto del usuario; Tres Arroyos 2024,Historico_adjunto,Sin_faltantes_en_variables_requeridas
2024-11-05,26.0,6.4,0.0,Adjunto del usuario; Tres Arroyos 2024,Historico_adjunto,Sin_faltantes_en_variables_requeridas
2024-11-06,20.6,12.56,4.0,Adjunto del usuario; Tres Arroyos 2024,Historico_adjunto,Sin_faltantes_en_variables_requeridas
2024-11-07,19.2,4.1,0.0,Adjunto del usuario; Tres Arroyos 2024,Historico_adjunto,Sin_faltantes_en_variables_requeridas
2024-11-08,25.2,5.6,0.0,Adjunto del usuario; Tres Arroyos 2024,Historico_adjunto,Sin_faltantes_en_variables_requeridas
2024-11-09,27.6,14.6,6.3,Adjunto del usuario; Tres Arroyos 2024,Historico_adjunto,Sin_faltantes_en_variables_requeridas
2024-11-10,20.8,15.2,23.0,Adjunto del usuario; Tres Arroyos 2024,Historico_adjunto,Sin_faltantes_en_variables_requeridas
2024-11-11,16.4,6.6,2.8,Adjunto del usuario; Tres Arroyos 2024,Historico_adjunto,Sin_faltantes_en_variables_requeridas
2024-11-12,21.8,4.2,0.0,Adjunto del usuario; Tres Arroyos 2024,Historico_adjunto,Sin_faltantes_en_variables_requeridas
2024-11-13,28.2,7.8,0.0,Adjunto del usuario; Tres Arroyos 2024,Historico_adjunto,Sin_faltantes_en_variables_requeridas
2024-11-14,31.8,12.2,0.0,Adjunto del usuario; Tres Arroyos 2024,Historico_adjunto,Sin_faltantes_en_variables_requeridas
2024-11-15,31.4,15.0,21.0,Adjunto del usuario; Tres Arroyos 2024,Historico_adjunto,Sin_faltantes_en_variables_requeridas
2024-11-16,16.4,12.0,30.2,Adjunto del usuario; Tres Arroyos 2024,Historico_adjunto,Sin_faltantes_en_variables_requeridas
2024-11-17,17.8,10.6,0.0,Adjunto del usuario; Tres Arroyos 2024,Historico_adjunto,Sin_faltantes_en_variables_requeridas
2024-11-18,26.4,3.0,0.0,Adjunto del usuario; Tres Arroyos 2024,Historico_adjunto,Sin_faltantes_en_variables_requeridas
2024-11-19,24.2,11.2,0.0,Adjunto del usuario; Tres Arroyos 2024,Historico_adjunto,Sin_faltantes_en_variables_requeridas
2024-11-20,26.2,12.4,0.0,Adjunto del usuario; Tres Arroyos 2024,Historico_adjunto,Sin_faltantes_en_variables_requeridas
2024-11-21,27.8,14.6,0.0,Adjunto del usuario; Tres Arroyos 2024,Historico_adjunto,Sin_faltantes_en_variables_requeridas
2024-11-22,28.6,14.4,0.0,Adjunto del usuario; Tres Arroyos 2024,Historico_adjunto,Sin_faltantes_en_variables_requeridas
2024-11-23,30.0,15.8,0.0,Adjunto del usuario; Tres Arroyos 2024,Historico_adjunto,Sin_faltantes_en_variables_requeridas
2024-11-24,25.8,17.8,24.5,Adjunto del usuario; Tres Arroyos 2024,Historico_adjunto,Sin_faltantes_en_variables_requeridas
2024-11-25,24.4,14.6,6.5,Adjunto del usuario; Tres Arroyos 2024,Historico_adjunto,Sin_faltantes_en_variables_requeridas
2024-11-26,27.6,11.6,0.0,Adjunto del usuario; Tres Arroyos 2024,Historico_adjunto,Sin_faltantes_en_variables_requeridas
2024-11-27,26.0,9.8,0.0,Adjunto del usuario; Tres Arroyos 2024,Historico_adjunto,Sin_faltantes_en_variables_requeridas
2024-11-28,23.8,10.2,1.3,Adjunto del usuario; Tres Arroyos 2024,Historico_adjunto,Sin_faltantes_en_variables_requeridas
2024-11-29,23.6,9.6,0.0,Adjunto del usuario; Tres Arroyos 2024,Historico_adjunto,Sin_faltantes_en_variables_requeridas
2024-11-30,26.0,7.0,12.0,Adjunto del usuario; Tres Arroyos 2024,Historico_adjunto,Sin_faltantes_en_variables_requeridas
